"order_id","product_name","quantity","unit_price","gross_line_value"
15,"Smartphone",5,"699.99","3499.95"
30,"Smartphone",5,"699.99","3499.95"
45,"Smartphone",5,"699.99","3499.95"
60,"Smartphone",5,"699.99","3499.95"
75,"Smartphone",5,"699.99","3499.95"
90,"Smartphone",5,"699.99","3499.95"
105,"Smartphone",5,"699.99","3499.95"
120,"Smartphone",5,"699.99","3499.95"
135,"Smartphone",5,"699.99","3499.95"
150,"Smartphone",5,"699.99","3499.95"
165,"Smartphone",5,"699.99","3499.95"
180,"Smartphone",5,"699.99","3499.95"
195,"Smartphone",5,"699.99","3499.95"
210,"Smartphone",5,"699.99","3499.95"
225,"Smartphone",5,"699.99","3499.95"
